<?xml version="1.0" encoding="UTF-8"?>
  <SupportAssistPrebootDiagnosticLog>
    <Schema>1.0.0</Schema>
    <LogNumber>63</LogNumber>
    <LogTimeStamp>07/04/2020 23:56:58</LogTimeStamp>
    <ePSA_Data>
      <Result>Not Reported</Result>
      <ReturnCode>BOOT_HOST_OS</ReturnCode>
      <ePSAFullVersion>4306.29</ePSAFullVersion>
      <ePSAInvocationCount>2</ePSAInvocationCount>
    </ePSA_Data>
    <BIOS_Data>
      <ErrorCategory>BATTERY</ErrorCategory>
      <ErrorMessage><![CDATA[WARNING: Battery is low.
]]></ErrorMessage>
      <FRU_String><![CDATA[Unknown Battery]]></FRU_String>
      <SOS_Available>FALSE</SOS_Available>
      <TimeOutSeconds>0</TimeOutSeconds>
    </BIOS_Data>
  </SupportAssistPrebootDiagnosticLog>
