<?xml version="1.0" encoding="UTF-8"?>
  <SupportAssistPrebootDiagnosticLog>
    <Schema>1.0.0</Schema>
    <LogNumber>57</LogNumber>
    <LogTimeStamp>02/17/2020 08:31:43</LogTimeStamp>
    <ePSA_Data>
      <Result>Abort</Result>
      <ReturnCode>BOOT_SHUTDOWN</ReturnCode>
      <DevicesTested>Memory, Hard Drive</DevicesTested>
      <ePSAFullVersion>4306.29</ePSAFullVersion>
      <ePSAInvocationCount>5</ePSAInvocationCount>
    </ePSA_Data>
    <BIOS_Data>
      <ErrorCategory>NO_BOOT</ErrorCategory>
      <ErrorMessage><![CDATA[No bootable devices found.
]]></ErrorMessage>
      <SOS_Available>FALSE</SOS_Available>
      <TimeOutSeconds>0</TimeOutSeconds>
    </BIOS_Data>
  </SupportAssistPrebootDiagnosticLog>
